{
  "Workflows": [
    {
      "Path": null,
      "SortBy": 0,
      "VariablesSectionElementsOrder": [],
      "ArgumentsSectionElementsOrder": null,
      "ConstantsSectionElementsOrder": [],
      "AddedNamespaces": null
    },
    {
      "Path": "Main.xaml",
      "SortBy": 0,
      "VariablesSectionElementsOrder": [
        "mInt&Sequence_1",
        "mBoolean&Sequence_1",
        "mArray&Sequence_1",
        "genericValue&Sequence_1",
        "data&Sequence_1"
      ],
      "ArgumentsSectionElementsOrder": [],
      "ConstantsSectionElementsOrder": [],
      "AddedNamespaces": null
    },
    {
      "Path": "../../../Desktop/RPA PRAC/Prac 2B.xaml",
      "SortBy": 0,
      "VariablesSectionElementsOrder": [
        "mInt&Sequence_1",
        "mBoolean&Sequence_1",
        "mArray&Sequence_1",
        "genericValue&Sequence_1",
        "data&Sequence_1"
      ],
      "ArgumentsSectionElementsOrder": [],
      "ConstantsSectionElementsOrder": [],
      "AddedNamespaces": null
    }
  ]
}